Temp,,,ns
Temp,,,ns
Temp,,,ns
Temp,,,ns
Ambient Temp,25,degrees C,ok
CMOS Battery,10h,ok,7.1,
ROMB Battery,11h,ns,26.3,No Reading
VCORE,12h,ok,3.1,State Deasserted
VCORE,13h,ok,3.2,State Deasserted
CPU VTT,16h,ok,7.1,State Deasserted
1.5V PG,17h,ok,7.1,State Deasserted
1.8V PG,18h,ok,7.1,State Deasserted
3.3V PG,19h,ok,7.1,State Deasserted
5V PG,1Ah,ok,7.1,State Deasserted
Backplane PG,1Dh,ok,7.1,State Deasserted
Flexbay PG,1Fh,ok,7.1,State Deasserted
Linear PG,20h,ok,7.1,State Deasserted
0.9V PG,21h,ok,7.1,State Deasserted
1.5V ESB2 PG,22h,ok,7.1,State Deasserted
0.9V Over Volt,23h,ok,7.1,State Deasserted
CPU Power Fault,24h,ok,7.1,State Deasserted
FAN 1 RPM,2550,RPM,ok
FAN 2 RPM,2475,RPM,ok
FAN 3 RPM,2625,RPM,ok
FAN 4 RPM,2550,RPM,ok
FAN 5 RPM,2550,RPM,ok
FAN 6 RPM,2550,RPM,ok
FAN 7 RPM,,,ns
FAN 8 RPM,,,ns
Presence,50h,ok,3.1,Present
Presence,51h,ok,3.2,Present
Presence,54h,ok,10.1,Present
Presence,55h,ok,10.2,Present
Presence ,56h,ok,26.1,Present
DRAC5 Conn 2 Cbl,59h,ok,7.1,Connected
PFault Fail Safe,5Fh,ns,7.1,No Reading
Status,60h,ok,3.1,Presence detected
Status,61h,ok,3.2,Presence detected
Status,64h,ok,10.1,Presence detected
Status,65h,ok,10.2,Presence detected, Failure detected, Power Supply AC lost
RAC Status,70h,ok,7.1,(null)
OS Watchdog,71h,ok,7.1,
SEL,72h,ns,7.1,No Reading
Intrusion,73h,ok,7.1,
PS Redundancy,74h,ok,7.1,Redundancy Lost
Fan Redundancy,75h,ok,7.1,Fully Redundant
Drive,80h,ok,26.1,Drive Present
Cable SAS A,90h,ok,26.1,Connected
Cable SAS B,91h,ok,26.1,Connected
Cable SAS FB,92h,ns,26.2,No Reading
Cable Power FB,93h,ns,26.2,No Reading
Cable PDB Pwr,9Ah,ok,7.1,Connected
Cable PDB Ctrl,9Bh,ok,7.1,Connected
BMC,00h,ok,7.1DRAC 5,00h,ok,11.1System Board,00h,ns,7.1,CPU1,00h,ns,3.1,CPU2,00h,ns,3.2,Storage,00h,ns,26.3,PS 1,00h,ns,10.1,PS 2,00h,ns,10.2,Storage,00h,ns,26.1,Flexbay,00h,ns,26.2,DRAC 5,00h,ns,11.1,ECC Corr Err,01h,ns,34.1,No Reading
ECC Uncorr Err,02h,ns,34.1,No Reading
I/O Channel Chk,03h,ns,34.1,No Reading
PCI Parity Err,04h,ns,34.1,No Reading
PCI System Err,05h,ns,34.1,No Reading
SBE Log Disabled,06h,ns,34.1,No Reading
Logging Disabled,07h,ns,34.1,No Reading
Unknown,08h,ok,34.1,
CPU Protocol Err,0Ah,ns,34.1,No Reading
CPU Bus PERR,0Bh,ns,34.1,No Reading
CPU Init Err,0Ch,ns,34.1,No Reading
CPU Machine Chk,0Dh,ns,34.1,No Reading
Memory Spared,11h,ns,34.1,No Reading
Memory Mirrored,12h,ok,34.1,Fully Redundant
Memory RAID,13h,ok,34.1,Fully Redundant
Memory Added,14h,ns,34.1,No Reading
Memory Removed,15h,ns,34.1,No Reading
Memory Cfg Err,16h,ok,34.1,Correctable ECC
Mem Redun Gain,17h,ok,34.1,Fully Redundant
PCIE Fatal Err,18h,ok,34.1,NMI/Diag Interrupt
Chipset Err,19h,ok,34.1,NMI/Diag Interrupt
Err Reg Pointer,1Ah,ok,34.1,
Mem ECC Warning,1Bh,ns,34.1,No Reading
Mem CRC Err,1Ch,ns,34.1,No Reading
USB Over-current,1Dh,ok,34.1,Transition to OK
POST Err,1Eh,ns,34.1,No Reading
Hdwr version err,1Fh,ok,34.1,Hardware change detected
Mem Overtemp,20h,ok,34.1,Correctable ECC
Mem Fatal SB CRC,21h,ok,34.1,Correctable ECC
Mem Fatal NB CRC,22h,ok,34.1,Correctable ECC
CPU Temp Interf,76h,ns,7.1,No Reading
